{
  "hash": "c65d51a8",
  "configHash": "d18d519a",
  "lockfileHash": "2ae1e129",
  "browserHash": "e7f6990a",
  "optimized": {
    "@angular/common": {
      "src": "../../../../../../node_modules/@angular/common/fesm2022/common.mjs",
      "file": "@angular_common.js",
      "fileHash": "29b29c8b",
      "needsInterop": false
    },
    "@angular/common/http": {
      "src": "../../../../../../node_modules/@angular/common/fesm2022/http.mjs",
      "file": "@angular_common_http.js",
      "fileHash": "04d25b2d",
      "needsInterop": false
    },
    "@angular/core": {
      "src": "../../../../../../node_modules/@angular/core/fesm2022/core.mjs",
      "file": "@angular_core.js",
      "fileHash": "5b5ce62e",
      "needsInterop": false
    },
    "@angular/forms": {
      "src": "../../../../../../node_modules/@angular/forms/fesm2022/forms.mjs",
      "file": "@angular_forms.js",
      "fileHash": "6905d7e4",
      "needsInterop": false
    },
    "@angular/platform-browser": {
      "src": "../../../../../../node_modules/@angular/platform-browser/fesm2022/platform-browser.mjs",
      "file": "@angular_platform-browser.js",
      "fileHash": "f1f27636",
      "needsInterop": false
    },
    "@angular/router": {
      "src": "../../../../../../node_modules/@angular/router/fesm2022/router.mjs",
      "file": "@angular_router.js",
      "fileHash": "f9f9cd2a",
      "needsInterop": false
    },
    "@opentok/client": {
      "src": "../../../../../../node_modules/@opentok/client/dist/js/opentok.js",
      "file": "@opentok_client.js",
      "fileHash": "b0bf641b",
      "needsInterop": true
    }
  },
  "chunks": {
    "chunk-D3VTPYJD": {
      "file": "chunk-D3VTPYJD.js"
    },
    "chunk-3IQ5D5AB": {
      "file": "chunk-3IQ5D5AB.js"
    },
    "chunk-SCJJ5R2Y": {
      "file": "chunk-SCJJ5R2Y.js"
    },
    "chunk-HQ65BUKR": {
      "file": "chunk-HQ65BUKR.js"
    },
    "chunk-K4KU7J5H": {
      "file": "chunk-K4KU7J5H.js"
    }
  }
}