{
  "hash": "0c4e9bd2",
  "configHash": "e582a6e5",
  "lockfileHash": "e5043cae",
  "browserHash": "4f0af2b3",
  "optimized": {
    "@angular/common/http": {
      "src": "../../../../../../node_modules/@angular/common/fesm2022/http.mjs",
      "file": "@angular_common_http.js",
      "fileHash": "d8439e0f",
      "needsInterop": false
    },
    "@angular/core": {
      "src": "../../../../../../node_modules/@angular/core/fesm2022/core.mjs",
      "file": "@angular_core.js",
      "fileHash": "1585afe9",
      "needsInterop": false
    },
    "@angular/forms": {
      "src": "../../../../../../node_modules/@angular/forms/fesm2022/forms.mjs",
      "file": "@angular_forms.js",
      "fileHash": "4c095ec4",
      "needsInterop": false
    },
    "@angular/platform-browser": {
      "src": "../../../../../../node_modules/@angular/platform-browser/fesm2022/platform-browser.mjs",
      "file": "@angular_platform-browser.js",
      "fileHash": "e23f1962",
      "needsInterop": false
    },
    "@angular/router": {
      "src": "../../../../../../node_modules/@angular/router/fesm2022/router.mjs",
      "file": "@angular_router.js",
      "fileHash": "1962bd3d",
      "needsInterop": false
    }
  },
  "chunks": {
    "chunk-HD65EW3E": {
      "file": "chunk-HD65EW3E.js"
    },
    "chunk-POAXI77E": {
      "file": "chunk-POAXI77E.js"
    },
    "chunk-FAHFZITR": {
      "file": "chunk-FAHFZITR.js"
    },
    "chunk-F5BRNNIR": {
      "file": "chunk-F5BRNNIR.js"
    }
  }
}